Boss Name,Star,Strat,FM,CM,Weather,Adventure effect Image,Pokemon 1,Roles,FM,CM,Pokemon 2,Roles,FM,CM,Pokemon 3,Roles,FM,CM,Pokemon 4,Roles,FM,CM,Pokemon 5,Roles,FM,CM,Pokemon 6,Roles,FM,CM,VOD,Link,
Celesteela,7 ⭐,DBP,Smack Down,Body Slam,Clear,https://cdn2.steamgriddb.com/icon_thumb/55e643e737da20b912037cce912305fb.png,Blacephalon,"Main DPS, 1x",Incinerate,Mind Blown,Blacephalon,"Support DPS, 10x",Incinerate,Mind Blown,Mega Blaziken,"Executor, 1x",Fire Spin,Blast Burn & Blaze Kick,,,,,,,,,,,,,VOD,https://youtube.com/shorts/ZozVhPoZGcc?si=TfZG_qZ4OMFKUxEP,Game autoloads second party as recommended; mirroring a healskip
Dialga,7 ⭐,Catch Tank,Dragon Breath,Draco Meteor,Cloudy,https://cdn2.steamgriddb.com/icon_thumb/55e643e737da20b912037cce912305fb.png,Mega Lucario,"Main DPS, 1x",Force Palm,Aura Sphere,Kyurem Black,"Catch Tank, Varies",Dragon tail,Freeze Shock,Eternatus,"Catch Tank, 1x",Poison Jab,Dynamax Cannon,Keldeo Resolute,"Catch Tank, Executor, Varies",Low Kick,Secret Sword,,,,,,,,,,,Possibly 6 star raid
Giratina Altered,7 ⭐,Hot Swap,Shadow Claw,Shadow Sneak,Windy,https://cdn2.steamgriddb.com/icon_thumb/55e643e737da20b912037cce912305fb.png,Eternatus,"Main DPS, 1x",Dragon tail,Dynamax Cannon,Necrozma Dawn Wings,"Support DPS, 2x",Psycho Cut,Moongeist Beam,Mega Rayquaza,"Support DPS, 1x, Executor",Dragon Tail,Breaking Swipe,,,,,,,,,,,,,,,
Palkia,7 ⭐,Hot Swap,Dragon Breath,Aqua Tail,Windy,https://cdn2.steamgriddb.com/icon_thumb/55e643e737da20b912037cce912305fb.png,Eternatus,"Main DPS, 1x",Dragon tail,Dynamax Cannon,Mega Rayquaza,"Support DPS, 1x",Dragon Tail,Breaking Swipe,,,,,,,,,,,,,,,,,,,"Requires 4 DYN per Rejoin, very hard rng"
Tornadus Therian,7 ⭐,Catch Tank,Astonish,Focus Blast,Partly Cloudy,https://cdn2.steamgriddb.com/icon_thumb/55e643e737da20b912037cce912305fb.png,Shadow Regigigas,"Main DPS, 1x",Hidden Power Rock,Crush Grip,Shadow Regigigas,"Catch Tank, 5x",Hidden Power Rock,Crush Grip,Shadow Rampardos,"Executor, 1x",Smack Down,Rock Slide,,,,,,,,,,,,,,,BB Main Shadow Gigas w/ 14 attack breakpoint; HP Rock; Rampardos to execute
Celesteela,6 ⭐,HS/CT,Air Slash,Varies,Clear,https://cdn2.steamgriddb.com/icon_thumb/55e643e737da20b912037cce912305fb.png,Shadow Reshiram,"Main DPS, 1x",Fire Fang,Fusion Flare,Shadow Reshiram,"Support DPS, 4x",Fire Fang,Fusion Flare,,,,,,,,,,,,,,,,,,,Bulldoze for highest DPS but harder RNG
Darkrai,6 ⭐,Catch Tank,Any,Focus Blast,Cloudy,https://cdn2.steamgriddb.com/icon_thumb/55e643e737da20b912037cce912305fb.png,Mega Lucario,"Main DPS, 1x",Force Palm,Aura Sphere,Kyurem Black,"Catch Tank, 3x",Shadow Claw,Freeze Shock,Keldeo Resolute,"Catch Tank, Executor, 2x",Low Kick,Secret Sword,,,,,,,,,,,,,VOD,https://fixupx.com/hwangokhone/status/2030093056435966014?s=46&t=MtHJoHw2nNGhb4jtXq3o1w,CT Sh-Blaziken: 1-2 Aura Sphere per Shadow Ball
Darkrai,6 ⭐,Catch Tank,Any,Focus Blast,Cloudy,https://cdn2.steamgriddb.com/icon_thumb/55e643e737da20b912037cce912305fb.png,Mega Lucario,"Main DPS, 1x",Force Palm,Aura Sphere,Kyurem Black,"Catch Tank, 4x",Dragon tail,Freeze Shock,Keldeo Resolute,"Catch Tank, Executor, 1x",Low Kick,Secret Sword,,,,,,,,,,,,,VOD,https://www.youtube.com/watch?v=K4BRljy1TdY,CT Sh-Blaziken: 1-2 Aura Sphere per Shadow Ball
Kyurem Black,6 ⭐,Catch Tank,Shadow Claw,Outrage,Extreme,https://cdn2.steamgriddb.com/icon_thumb/55e643e737da20b912037cce912305fb.png,Eternatus,"Main DPS, 1x",Dragon tail,Dynamax Cannon,Baxcalibur,"Catch Tank, 5x",Dragon Breath,Glaive Rush,,,,,,,,,,,,,,,,,,,
Kyurem Black,6 ⭐,Catch Tank,Shadow Claw,Blizzard,Extreme,https://cdn2.steamgriddb.com/icon_thumb/55e643e737da20b912037cce912305fb.png,Mega Lucario,"Main DPS, 1x",Force Palm,Aura Sphere,Eternatus,"Catch Tank, 1x",Dragon tail,Dynamax Cannon,Zacian Crown,"Support DPS, 4x",Metal Claw,Behemoth Blade,,,,,,,,,,,,,VOD,https://www.youtube.com/watch?v=53Iem6tFio8&time_continue=1&source_ve_path=MjM4NTE&embeds_referring_euri=https%3A%2F%2Fwww.reddit.com%2F&embeds_referring_origin=https%3A%2F%2Fwww.reddit.com,
Kyurem Black,6 ⭐,Catch Tank,Shadow Claw,Fusion Bolt,Extreme,https://cdn2.steamgriddb.com/icon_thumb/55e643e737da20b912037cce912305fb.png,Eternatus,"Main DPS, 1x",Dragon tail,Dynamax Cannon,Keldeo Resolute,"Catch Tank, 2x",Low Kick,Secret Sword,Zamazenta Crown,"Catch Tank, 2x",Meta Claw,Behemoth Bash,Mega Lucario,"Support DPS, Executor, 1x",Force Palm,Aura Sphere,,,,,,,,,VOD,https://x.com/HwangOkHone/status/2027084043859435669,
NDM,6 ⭐,CT/TPC,Metal Claw,Dark Pulse,Fog,https://cdn2.steamgriddb.com/icon_thumb/55e643e737da20b912037cce912305fb.png,Necrozma Dawn Wings,"Main DPS, 1x",Shadow Claw,Moongeist Beam,Necrozma Dawn Wings,"Catch Tank, 5x",Shadow Claw,Moongeist Beam,,,,,,,,,,,,,,,,,,,
Palkia,6 ⭐,Catch Tank,Dragon Breath,Draco Meteor,WIndy,https://cdn2.steamgriddb.com/icon_thumb/55e643e737da20b912037cce912305fb.png,Eternatus,"Main DPS, 1x",Dragon tail,Dynamax Cannon,Shadow Dialga,"Catch Tank, 5x",Dragon Breath,Draco Meteor,Mega Rayquaza,"Executor, 1x",Dragon Tail,Breaking Swipe,,,,,,,,,,,,,,,Dodging on Eternatus is okay. Level 50 Dialgas w/ 7 def and 10 hp minimum
Palkia,6 ⭐,Catch Tank,Dragon Breath,Hydro Pump,WIndy,https://cdn2.steamgriddb.com/icon_thumb/55e643e737da20b912037cce912305fb.png,Eternatus,"Main DPS, 1x",Dragon tail,Dynamax Cannon,Mega Rayquaza,"Support DPS, Executor, 1x",Dragon tail,Breaking Swipe,Shadow Garchomp,"Catch Tank, Executor, 3x",Dragon Tail,Breaking Swipe,,,,,,,,,,,,,VOD,https://x.com/hwangokhone/status/2020059558450954262?s=46&t=MtHJoHw2nNGhb4jtXq3o1w,"Uses Shadow CT on a few rejoins, still Eternatus & Mega Ray focused"
Regigigas,6 ⭐,Hot Swap,Hidden Power Steel,Giga Impact,Cloudy,https://cdn2.steamgriddb.com/icon_thumb/55e643e737da20b912037cce912305fb.png,Mega Lucario,"Main DPS, 1x",Force Palm,Aura Sphere,Shadow Regigigas,"Catch Tank, Varies",Zen headbutt,Crush Grip,Keldeo Resolute,"Catch Tank, Executor, Varies",Low Kick,Secret Sword,,,,,,,,,,,,,VOD,https://x.com/HwangOkHone/status/2074057619774562361,Boss using Hidden Power Ghost Preferred; High def & HP IV's for CT Regigigas
Reshiram,6 ⭐,Catch Tank,Fire Fang,Overheat,WIndy,https://cdn2.steamgriddb.com/icon_thumb/55e643e737da20b912037cce912305fb.png,Eternatus,"Main DPS, 1x",Dragon tail,Dynamax Cannon,Mega Rayquaza,"Support DPS, Executor, 1x",Dragon tail,Breaking Swipe,Shadow Regigigas,"Catch Tank, 2x",Hidden power,Crush Grip,Shadow Dialga,"Catch Tank, 2x",Dragon Breath,Draco Meteor,,,,,,,,,VOD,https://www.youtube.com/watch?v=rayU7NEH9j4,
Reshiram,6 ⭐,Catch Tank,Dragon Breath,Draco Meteor,WIndy,https://cdn2.steamgriddb.com/icon_thumb/55e643e737da20b912037cce912305fb.png,Eternatus,"Main DPS, 1x",Dragon tail,Dynamax Cannon,Mega Garchomp,"Catch Tank, Executor, 1x",Dragon tail,Breaking Swipe,Shadow Regigigas,"Catch Tank, 3x",Hidden power,Crush Grip,Shadow Dialga,"Catch Tank, 1x",Dragon Breath,Draco Meteor,,,,,,,,,VOD,,
Solgaleo,6 ⭐,Hot Swap,Fire Spin,Psychic Fangs,Clear,https://cdn2.steamgriddb.com/icon_thumb/55e643e737da20b912037cce912305fb.png,Blacephalon,"Main DPS, 1x",Incinerate,Mind Blown,Blacephalon,"Support DPS, 4x",Incinerate,Mind Blown,Mega Blaziken,"Executor, 1x",Fire Spin,Blast Burn & Blaze Kick,,,,,,,,,,,,,VOD,https://fixupx.com/hwangokhone/status/2023586344761794920?s=46&t=MtHJoHw2nNGhb4jtXq3o1w,"Damage is there, however RNG & Control isn't. Very Hard"
Tapu Koko,6 ⭐,HS/TPC/CT,Volt Switch,Brave Bird,Clear,https://cdn2.steamgriddb.com/icon_thumb/55e643e737da20b912037cce912305fb.png,Primal Groudon,"Main DPS, 1x",Mud Shot,Precipice Blades,Shadow Groudon,"Catch Tank, 4x",Mud Shot,Precipice Blades,Shadow Mamoswine,"Executor, Catch Tank, 1x",Mud Slap,High Horsepower,,,,,,,,,,,,,VOD,https://fixupx.com/hwangokhone/status/2046937324391641449/en,"Due to TPC, this is very mechanically intensive"
Terrakion,6 ⭐,HS/TPC,Varies,Earthquake,Clear,https://cdn2.steamgriddb.com/icon_thumb/55e643e737da20b912037cce912305fb.png,Zacian Crown,"Main DPS, 1x",Metal Claw,Behemoth Blade,Necrozma Dusk Mane,"Catch Tank, 5x",Pscyho Cut,Sunsteel Strike,,,,,,,,,,,,,,,,,VOD,https://x.com/22storm77pg/status/1945454151510749225,Zacian-C catch tank can also be used to lesser effectiveness
Terrakion,6 ⭐,HS/TPC,Varies,Earthquake,Clear,https://cdn2.steamgriddb.com/icon_thumb/55e643e737da20b912037cce912305fb.png,Primal Groudon,"Main DPS, 1x",Mud Shot,Precipice Blades,Necrozma Dusk Mane,"Catch Tank, 3x",Psycho Cut,Sunsteel Strike,Zacian Crown,"Catch Tank, 2x",Metal Claw,Behemoth Blade,,,,,,,,,,,,,VOD,https://www.youtube.com/watch?v=60ckEUuAoMA,
Tornadus Therian,6 ⭐,DBP,Gust,Focus Blast,Snow,https://cdn2.steamgriddb.com/icon_thumb/55e643e737da20b912037cce912305fb.png,Kyurem White,"Main DPS, 1x",Ice Fang ,Ice Burn,Kyurem Black,"Catch Tank, 5x",Dragon tail,Freeze Shock,,,,,,,,,,,,,,,,,,,Aggressive Cadence Required (2.0 gust per focus blast)
Xerneas,6 ⭐,HS/TPC,Zen Headbutt,Close Combat,Cloudy,https://cdn2.steamgriddb.com/icon_thumb/55e643e737da20b912037cce912305fb.png,Zacian Crown,"Main DPS, 1x",Metal Claw,Behemoth Blade,Zacian Crown,"Support DPS, 4x",Metal Claw,Behemoth Blade,,,,,,,,,,,,,,,,,,,
Xerneas,6 ⭐,CT/TPC,Zen Headbutt,Giga Impact,Partly Cloudy,https://cdn2.steamgriddb.com/icon_thumb/55e643e737da20b912037cce912305fb.png,Zacian Crown,"Main DPS, 1x",Metal Claw,Behemoth Blade,Shadow Regigigas,"Catch Tank, 5x",Hidden Power,Crush Grip,,,,,,,,,,,,,,,,,,,"High RNG. Any HP, 14 or lower def @ lvl 50 for Gigas CT"
Xurkitree,6 ⭐,HS/TPC,Any,Power Whip,Extreme,https://cdn2.steamgriddb.com/icon_thumb/55e643e737da20b912037cce912305fb.png,Primal Groudon,"Main DPS, 1x",Mud Shot,Precipice Blades,Shadow Groudon,"Catch Tank, 5x",Mud Shot,Precipice Blades,,,,,,,,,,,,,,,,,VOD,https://www.youtube.com/watch?v=WEy7uUXCz-U,"Shadow Groudon is affected by Resolve bug, making this harder"
Zamazenta Hero,6 ⭐,Catch Tank,Metal Claw,Moonblast,WIndy,https://cdn2.steamgriddb.com/icon_thumb/55e643e737da20b912037cce912305fb.png,Mega Mewtwo Y,"Main DPS, 1x",Confusion,Psystrike,Shadow Salamence,"Catch Tank, 5x",Dragon tail,Fly,,,,,,,,,,,,,,,,,,,2.9 rejoins. Lv 49 Shadow Salamence. 2 Fly per Moonblast
Zapdos,6 ⭐,Hot Swap,Any,Zap Cannon,Snow,https://cdn2.steamgriddb.com/icon_thumb/55e643e737da20b912037cce912305fb.png,Kyurem White,"Main DPS, 1x",Ice Fang,Ice Burn,Kyurem White,"Support DPS, 5x",Ice Fang,Ice Burn,,,,,,,,,,,,,,,,,VOD,https://www.youtube.com/watch?v=h8ldhgMS-U4&embeds_referring_euri=https%3A%2F%2Fwww.reddit.com%2F,1.8 - 1.9 Rejoins
Latios,5.5 ⭐,Double CT,Dragon Breath,Psychic,WIndy,https://cdn2.steamgriddb.com/icon_thumb/55e643e737da20b912037cce912305fb.png,Eternatus,"Main DPS, 1x",Dragon tail,Dynamax Cannon,Mega Rayquaza,"Support DPS, 1x",Dragon tail,Breaking Swipe,Kyurem Black,"Catch Tank, 3x",Dragon tail,Freeze Shock,Baxcalibur,"Catch Tank, Executor, 1x",Dragon Breath,Glaive Rush,,,,,,,,,VOD,https://www.youtube.com/watch?v=bnKyS1Yhhno,"Double Catch Tank, Kyurem Black catches 2 psychics (switching in between each)"
Latios,5.5 ⭐,Catch tank,Dragon Breath,Solar Beam,WIndy,https://cdn2.steamgriddb.com/icon_thumb/55e643e737da20b912037cce912305fb.png,Eternatus,"Main DPS, 1x",Dragon tail,Dynamax Cannon,Mega Rayquaza,"Support DPS, 1x",Dragon tail,Breaking Swipe,Shadow Garchomp,"Catch Tank, Executor, 1x",Dragon Tail,Breaking Swipe,Shadow Palkia,"Catch Tank, Varies",Dragon tail,Draco Meteor,,,,,,,,,,,"Palkia is used sparingly to keep the raid within 3 rejoins, Shadow Garchomp trails"
Necrozma,5.5 ⭐,Hot Swap,Any,Varies,Fog,https://cdn2.steamgriddb.com/icon_thumb/55e643e737da20b912037cce912305fb.png,Necrozma Dawn Wings,"Main DPS, 1x",Shadow Claw,Moongeist Beam,Necrozma Dawn Wings,"Support DPS, 3x",Shadow Claw,Moongeist Beam,Mega Gengar,"Executor, 1x",Lick,Shadow Ball,,,,,,,,,,,,,VOD,https://www.youtube.com/watch?v=6vNd1b9roC0&embeds_referring_euri=https%3A%2F%2Fwww.reddit.com%2F,
Reshiram,5.5 ⭐,Hot Swap/CT,Fire Fang,Stone Edge,Windy,https://cdn2.steamgriddb.com/icon_thumb/55e643e737da20b912037cce912305fb.png,Eternatus,"Main DPS, 1x",Dragon tail,Dynamax Cannon,Mega Rayquaza,"Support DPS, 1x",Dragon tail,Breaking Swipe,Shadow Salamence,"Catch Tank, 4x",Dragon Tail,Draco Meteor,,,,,,,,,,,,,VOD,https://www.youtube.com/watch?time_continue=299&v=soM2IvRyFgo&embeds_referring_euri=https%3A%2F%2Fwww.reddit.com%2F,Mega Rayquaza used as a Catch tank
Tapu Bulu,5.5 ⭐,Catch Tank,Bullet Seed,Solar Beam,Windy,https://cdn2.steamgriddb.com/icon_thumb/55e643e737da20b912037cce912305fb.png,Mega Rayquaza,"Main DPS, 1x",Air Slash,Dragon Ascent,Shadow Gengar,"Catch Tank, 4x",Shadow Claw,Sludge Bomb,,,,,,,,,,,,,,,,,VOD,https://youtu.be/aObPtqHi9D4,Gengar swapped in early to build energy for 2 sludge bombs.
Tornadus Incarnate,5.5 ⭐,HS/TPC,Bite,Varies,Rainy,https://cdn2.steamgriddb.com/icon_thumb/55e643e737da20b912037cce912305fb.png,Regieleki,"Main DPS, 1x",Lock On,Thunder Cage,Regieleki,"Catch Tank, 5x",Lock On,Thunder Cage,Shadow Rampardos,"Executor, 1x",Smack Down,Rock Slide,,,,,,,,,,,,,VOD,https://www.youtube.com/watch?v=73-n5B53tOU,Shadow Rampardos used to execute at low hp. Uses level 40s
Tornadus Incarnate,5.5 ⭐,Catch Tank,Bite,Hyper Beam,Partly Cloudy,https://cdn2.steamgriddb.com/icon_thumb/55e643e737da20b912037cce912305fb.png,Shadow Regigigas,"Main DPS, 1x",Hidden Power Rock,Crush grip,Shadow Regigigas,"Catch Tank, 4x",Hidden Power Rock,Crush grip,Shadow Rampardos,"Executor, 1x",Smack Down,Rock Slide,,,,,,,,,,,,,,,"Breakpoint at level 48, 9 attack. Level 50 15 attack for main Sh-Gigas"
Xurkitree,5.5 ⭐,Hot Swap/CT,Any,Power Whip,Extreme,https://cdn2.steamgriddb.com/icon_thumb/55e643e737da20b912037cce912305fb.png,Primal Groudon,"Main DPS, 1x",Mud Shot,Precipice Blades,Shadow Mamoswine,"Catch Tank, 5x",Mud Slap,High horse power,,,,,,,,,,,,,,,,,VOD,https://www.youtube.com/watch?v=t4w2MLVhGj4&embeds_referring_euri=https%3A%2F%2Fwww.reddit.com%2F,Shadow Mamoswine is unaffected by Resolve bug. Precise CT 
Zekrom,5.5 ⭐,Hot Swap/CT,Charge Beam,Flash Cannon,Windy,https://cdn2.steamgriddb.com/icon_thumb/55e643e737da20b912037cce912305fb.png,Eternatus,"Main DPS, 1x",Dragon tail,Dynamax Cannon,Mega Rayquaza,"Support DPS, 1x",Dragon tail,Breaking Swipe,Kyurem Black,"Catch Tank, 2x",Dragon tail,Freeze Shock,,,,,,,,,,,,,VOD,https://www.youtube.com/watch?v=Di-45hrraHo&feature=youtu.be,
Articuno,5 ⭐,Hot Swap,Any,Any,Partly Cloudy,https://cdn2.steamgriddb.com/icon_thumb/55e643e737da20b912037cce912305fb.png,Shadow Rampardos,"Main DPS, 1x",Smack Down,Rock Slide,Shadow Rampardos,"Support DPS, 2x",Smack Down,Rock Slide,Shadow Tyrantrum,"Support DPS, 1x",Rock throw,Meteor Beam,Shadow Rhyperior,"Support DPS, 1x",Smack Down,Rock Wrecker,Mega Diancie,"Support DPS, 1x",Rock throw,Rock Slide,,,,,VOD,https://youtu.be/I28jq97sjEM?si=QbKVagJOSGJGkEUQ,Level ~40s
Articuno,5 ⭐,Catch Tank,Any,Blizzard,Partly Cloudy,https://static.wikia.nocookie.net/396c21d1-3e98-4c0d-8bb2-9150fda4ec41,Shadow Rampardos,"Main DPS, 1x",Smack Down,Rock Slide,Shadow Rampardos,"Support DPS, 1x",Smack Down,Rock Slide,Shadow Tyrantrum,"Catch Tank, 4x",Rock throw,Meteor Beam,,,,,,,,,,,,,VOD,https://www.youtube.com/watch?v=Z_nI0zDTeJo,"Level ~43 avg Tyrantrums, Lv 47 avg Rampardos"
Azelf,5 ⭐,Hot Swap/CT,Confusion,Fire Blast,Clear,https://cdn2.steamgriddb.com/icon_thumb/55e643e737da20b912037cce912305fb.png,Necrozma Dawn Wings,"Main DPS, 1x",Shadow Claw,Moongeist Beam,Necrozma Dawn Wings,"Support DPS, Catch Tank, 5x",Shadow Claw,Moongeist Beam,,,,,,,,,,,,,,,,,VOD,https://www.youtube.com/watch?v=JQUQss2ii-4,
Latios,5 ⭐,Hot Swap/CT,Dragon Breath,Aura Sphere,WIndy,https://cdn2.steamgriddb.com/icon_thumb/55e643e737da20b912037cce912305fb.png,Eternatus,"Main DPS, 1x",Dragon tail,Dynamax Cannon,Mega Rayquaza,"Support DPS, 1x",Dragon tail,Breaking Swipe,Kyurem Black,"Catch Tank, Varies",Dragon tail,Freeze Shock,Baxcalibur,"Catch Tank, Executor, 1x",Dragon Breath,Glaive Rush,,,,,,,,,,,"Baxcalibur as a trailing CT for Aura Sphere, Shadow Garchomp for Solar Beam"
Blacephalon,5 ⭐,Hot Swap/CT,Any,Shadow Ball,Extreme,https://cdn2.steamgriddb.com/icon_thumb/55e643e737da20b912037cce912305fb.png,Primal Groudon,"Main DPS, 1x",Mud Shot,Precipice Blades,Necrozma Dawn Wings,"Catch Tank, 1x",Psycho Cut,Moongeist Beam,Shadow Groudon,"Support DPS, 4x",Mud Shot,Precipice Blades,,,,,,,,,,,,,VOD,https://youtu.be/6mUGoQhtTKQ?si=vp0tsFpACV-34CYg,VOD contains Faint Swap Bug & a rubber band animation bug 
Enamorus therian,5 ⭐,Hot Swap,Any,Varies,Snow,https://cdn2.steamgriddb.com/icon_thumb/55e643e737da20b912037cce912305fb.png,Zacian Crown,"Main DPS, 1x",Metal Claw,Behemoth Blade,Zacian Crown,"Support DPS, 4x",Metal Claw,Behemoth Blade,Zamazenta Crown,"Executor, 1x",Mud Shot,Precipice Blades,,,,,,,,,,,,,VOD,https://www.youtube.com/watch?v=ml9Fp9nShpc&lc=Ugwr03aVYcRUHi2B5k14AaABAg,
Entei,5 ⭐,Recycle,Any,Flamethrower,Rainy,https://cdn2.steamgriddb.com/icon_thumb/55e643e737da20b912037cce912305fb.png,Primal Kyogre,"Main DPS, 1x",Waterfall,Origin Pulse,Shadow Kyogre,"Support DPS, 1x",Waterfall,Origin Pulse,,,,,,,,,,,,,,,,,VOD,https://www.youtube.com/watch?v=ijryCmsy3LA&embeds_referring_euri=https%3A%2F%2Fwww.reddit.com%2F,
Entei,5 ⭐,Catch Tank,Any,Overheat,Clear,https://cdn2.steamgriddb.com/icon_thumb/55e643e737da20b912037cce912305fb.png,Primal Groudon,"Main DPS, 1x",Mud Shot,Precipice Blades,Shadow Groudon,"Catch Tank, 5x",Mud Shot,Precipice Blades,,,,,,,,,,,,,,,,,VOD,https://www.youtube.com/watch?v=Qddf3rTMCf0,
Giratina Origin,5 ⭐,Catch Tank,Any,Shadow Ball,Extreme,https://cdn2.steamgriddb.com/icon_thumb/55e643e737da20b912037cce912305fb.png,Eternatus,"Main DPS, 1x",Dragon tail,Dynamax Cannon,Necrozma Dawn Wings,"Catch Tank, 5x",Psycho Cut,Moongeist Beam,Mega Rayquaza,"Executor, Varies",Dragon tail,Breaking Swipe,,,,,,,,,,,,,VOD,https://tinyurl.com/girasolonwb,
Kyurem,5 ⭐,Hot Swap,Any,Any,Extreme,https://cdn2.steamgriddb.com/icon_thumb/55e643e737da20b912037cce912305fb.png,Eternatus,"Main DPS, 1x",Dragon tail,Dynamax Cannon,Mega Rayquaza,"Support DPS, 1x",Dragon tail,Breaking Swipe,Zacian Crown,"Support DPS, 4x",Metal Claw,Behemoth Blade,,,,,,,,,,,,,VOD,https://www.youtube.com/watch?v=NEByFeZE47E&embeds_referring_euri=https%3A%2F%2Fwww.reddit.com%2F,
Kyurem White,5 ⭐,Various,Any,Varies,Extreme,https://cdn2.steamgriddb.com/icon_thumb/55e643e737da20b912037cce912305fb.png,Eternatus,"Main DPS, 1x",Dragon tail,Dynamax Cannon,Mega Rayquaza,"Support DPS, 1x",Dragon tail,Breaking Swipe,Necrozma Dusk Mane,"Catch Tank, Varies",Metal Claw,Sunsteel Strike,Zacian Crown,"Support DPS, Varies",Metal Claw,Behemoth Blade,,,,,,,,,VOD,https://www.youtube.com/watch?v=8-Ifxt9GmmU&embeds_referring_euri=https%3A%2F%2Fwww.reddit.com%2F,
Kyurem White,5 ⭐,Catch Tank,Any,Fusion Flare,Extreme,https://cdn2.steamgriddb.com/icon_thumb/55e643e737da20b912037cce912305fb.png,Eternatus,"Main DPS, 1x",Dragon tail,Dynamax Cannon,Mega Rayquaza,"Support DPS, 1x",Dragon tail,Breaking Swipe,Necrozma Dusk Mane,"Catch Tank, 4x",Metal Claw,Sunsteel Strike,,,,,,,,,,,,,VOD,https://www.youtube.com/watch?v=HHkdn8m5azU,Mega Rayquaza as secondary DPSer
Mewtwo,5 ⭐,Recycle,Any,Any,Fog,https://cdn2.steamgriddb.com/icon_thumb/55e643e737da20b912037cce912305fb.png,Necrozma Dawn Wings,"Main DPS, 1x",Shadow Claw,Moongeist Beam,Necrozma Dawn Wings,"Support DPS, 1x",Shadow Claw,Moongeist Beam,,,,,,,,,,,,,,,,,VOD*,https://youtu.be/4qQ3b81Ah20?si=NGqbtUW9l0eQ2iud,Uses a glitched Forever Friend Boost without fog hence by TTW it's a tentative vod
Necrozma,5 ⭐,Catch Tank,Any,Dark Pulse,fog,https://cdn2.steamgriddb.com/icon_thumb/55e643e737da20b912037cce912305fb.png,Necrozma Dawn Wings,"Main DPS, 1x",Shadow Claw,Moongeist Beam,Necrozma Dawn Wings,"Catch Tank, 5x",Shadow Claw,Moongeist Beam,,,,,,,,,,,,,,,,,VOD,https://www.youtube.com/watch?v=TA1ikglsJtc&embeds_referring_euri=https%3A%2F%2Fwww.reddit.com%2F,
Solgaleo,5 ⭐,Hot Swap,Any,Any,fog,https://cdn2.steamgriddb.com/icon_thumb/55e643e737da20b912037cce912305fb.png,Necrozma Dawn Wings,"Main DPS, 1x",Shadow Claw,Moongeist Beam,Necrozma Dawn Wings,"Support DPS, 3x",Shadow Claw,Moongeist Beam,,,,,,,,,,,,,,,,,VOD,https://www.youtube.com/watch?v=ySNvSSKyzuk,1-2 rejoin
Solgaleo,5 ⭐,Hot Swap,Any,Any,clear,https://cdn2.steamgriddb.com/icon_thumb/55e643e737da20b912037cce912305fb.png,Shadow Reshiram,"Main DPS, 1x",Fire Fang,Fusion Flare,Shadow Reshiram,"Support DPS, 4x",Fire Fang,Fusion Flare,Mega Blaziken,"Executor, 1x",Fire Spin,Blast Burn & Blaze Kick,,,,,,,,,,,,,,,
Solgaleo,5 ⭐,Catch Tank,Fire Spin,Solar Beam,clear,https://cdn2.steamgriddb.com/icon_thumb/55e643e737da20b912037cce912305fb.png,Shadow Reshiram,"Main DPS, 1x",Fire Fang,Fusion Flare,Shadow Reshiram,"Support DPS, 1x",Fire Fang,Fusion Flare,Landorus therian,"Catch Tank, Varies",Mud Shot,Sandsear Storm,Shadow Garchomp,"Catch Tank, Varies",Mud Shot,Earthquake,Necrozma Dawn Wings,"Catch Tank, Varies",Psycho Cut,Moongeist Beam,Mega Blaziken,"Executor, 1x",Fire Spin,Blast Burn & Blaze Kick,,,"Shadow Garchomp, NDW, Lando T are strong CT options"
Tapu Lele,5 ⭐,Hot Swap,Any,Focus Blast,snow,https://cdn2.steamgriddb.com/icon_thumb/55e643e737da20b912037cce912305fb.png,Zacian Crown,"Main DPS, 1x",Metal Claw,Behemoth Blade,Zacian Crown,"Support DPS, 4x",Metal Claw,Behemoth Blade,Zamazenta Crown,"Executor, 1x",Metal Claw,Behemoth Bash,,,,,,,,,,,,,VOD,https://x.com/HwangOkHone/status/1988032354842275990,
Tapu Lele,5 ⭐,HS/TPC,Any,Varies,snow,https://cdn2.steamgriddb.com/icon_thumb/55e643e737da20b912037cce912305fb.png,Zacian Crown,"Main DPS, 1x",Metal Claw,Behemoth Blade,Zacian Crown,"Support DPS, 5x",Metal Claw,Behemoth Blade,,,,,,,,,,,,,,,,,VOD,https://youtu.be/ki0JY_ATAuM?si=gVuFfm46C6Pi0LRQ,TPC pushes this raid to a faster TTW
Terrakion,5 ⭐,Hot Swap,Any,Close Combat,windy,https://cdn2.steamgriddb.com/icon_thumb/55e643e737da20b912037cce912305fb.png,Shadow Mewtwo,"Main DPS, 1x",Psycho Cut,Psystrike,Shadow Mewtwo,"Support DPS, 4x, Executor",Psycho Cut,Psystrike,Mega Alakazam,"Executor, 1x",Psycho Cut,Psychic,,,,,,,,,,,,,VOD,https://www.youtube.com/watch?v=nDEJ3yplqjE&t=323s,
Terrakion,5 ⭐,Recycle,Varies,Rock Slide,cloudy,https://cdn2.steamgriddb.com/icon_thumb/55e643e737da20b912037cce912305fb.png,Mega Lucario,"Main DPS, 1x",Force Palm,Aura Sphere,,,,,,,,,,,,,,,,,,,,,VOD,https://x.com/i/status/1944797484967932215,
Terrakion,5 ⭐,Hot Swap,Varies,Earthquake,cloudy,https://cdn2.steamgriddb.com/icon_thumb/55e643e737da20b912037cce912305fb.png,Mega Lucario,"Main DPS, 1x",Force Palm,Aura Sphere,Necrozma Dusk Mane,"Catch Tank, 3x",Metal Claw,Sunsteel strike,Zacian Crown,"Catch Tank, 2x",Metal Claw,Behemoth Blade,,,,,,,,,,,,,VOD,https://www.youtube.com/watch?v=Cwl_hVuJdAw,
Terrakion,5 ⭐,Hot Swap,Varies,Earthquake,Clear,https://cdn2.steamgriddb.com/icon_thumb/55e643e737da20b912037cce912305fb.png,Mega Mewtwo Y,"Main DPS, 1x",Psycho Cut,Psystrike,Necrozma Dusk Mane,"Catch Tank, 1x",Psycho Cut,Sunsteel strike,Zacian Crown,"Catch Tank, 4x",Metal Claw,Behemoth Blade,,,,,,,,,,,,,VOD,https://youtu.be/dvfu3hOlgKY,
Enamorus Incarnate,4 ⭐,Hot Swap,Any,Fly,extreme,https://cdn2.steamgriddb.com/icon_thumb/55e643e737da20b912037cce912305fb.png,Zacian Crown,"Main DPS, 1x",Metal Claw,Behemoth Blade,Zacian Crown,"Support DPS, 3x",Metal Claw,Behemoth Blade,,,,,,,,,,,,,,,,,,,
Enamorus Therian,4 ⭐,Catch Tank,Any,Moonblast,snow,https://cdn2.steamgriddb.com/icon_thumb/55e643e737da20b912037cce912305fb.png,Zacian Crown,"Main DPS, 1x",Metal Claw,Behemoth Blade,Kyurem Black,"Catch Tank, 4x",Shadow Claw,Freeze Shock,,,,,,,,,,,,,,,,,VOD,http://youtube.com/watch?v=AGXn6Q_9ZTM&embeds_referring_euri=https%3A%2F%2Fwww.reddit.com%2F,
Giratina Origin,4 ⭐,HS/CT,Any,Shadow Ball,windy,https://cdn2.steamgriddb.com/icon_thumb/55e643e737da20b912037cce912305fb.png,Eternatus,"Main DPS, 1x",Dragon tail,Dynamax Cannon,Mega Rayquaza,"Support DPS, 1x",Dragon tail,Breaking Swipe,Necrozma Dawn Wings,"Support DPS, 1x",Psycho Cut,Moongeist Beam,,,,,,,,,,,,,VOD,https://www.youtube.com/watch?v=Pyg9rGouihE,
Ho-Oh,4 ⭐,Catch Tank,Varies,Solar beam,partly cloudy,https://cdn2.steamgriddb.com/icon_thumb/55e643e737da20b912037cce912305fb.png,Shadow Rampardos,"Main DPS, 1x",Smack Down,Rock Slide,Shadow Tyrantrum,"Catch Tank, 4x",Rock Throw,Meteor Beam,,,,,,,,,,,,,,,,,VOD,https://www.youtube.com/watch?v=lGT7HzDRXdA,
Tapu Bulu,4 ⭐,Recycle,Any,Any,cloudy,https://cdn2.steamgriddb.com/icon_thumb/55e643e737da20b912037cce912305fb.png,Mega Beedrill,"Main DPS, 1x",Poison jab,Sludge Bomb,,,,,,,,,,,,,,,,,,,,,VOD,https://youtu.be/p440Ino_F4w?si=8uOHWCgJVSlCOr_j,
Thundurus Incarnate,4 ⭐,Hot Swap,Any,Any,snow,https://cdn2.steamgriddb.com/icon_thumb/55e643e737da20b912037cce912305fb.png,Kyurem White,"Main DPS, 1x",Ice Fang ,Ice Burn,Kyurem White,"Support DPS, 2x",Ice Fang,Ice Burn,,,,,,,,,,,,,,,,,VOD,https://www.youtube.com/watch?v=MHDtipHN8bs,
Tornadus Incarnate,4 ⭐,Hot Swap,Any,Any,snow,https://cdn2.steamgriddb.com/icon_thumb/55e643e737da20b912037cce912305fb.png,Kyurem White,"Main DPS, 1x",Ice Fang ,Ice Burn,Kyurem White,"Support DPS, 3x",Ice Fang,Ice Burn,,,,,,,,,,,,,,,,,VOD,https://youtu.be/9XGM-pr1hs8?si=q_82hIxoUqx0ceLQ,6 Kyurem is not needed & Vod intentionally includes mistakes
Yveltal,4 ⭐,Catch Tank,Any,Focus Blast,snow,https://cdn2.steamgriddb.com/icon_thumb/55e643e737da20b912037cce912305fb.png,Kyurem White,"Main DPS, 1x",Ice Fang ,Ice Burn,Kyurem Black,"Catch Tank, 4x",Dragon tail,Freeze Shock,,,,,,,,,,,,,,,,,VOD,https://www.youtube.com/watch?v=4RTsw1rcPYY,Vod has lots of mistakes
Zekrom,4 ⭐,Hot Swap/CT,Any,Outrage,windy,https://cdn2.steamgriddb.com/icon_thumb/55e643e737da20b912037cce912305fb.png,Eternatus,"Main DPS, 1x",Dragon tail,Dynamax Cannon,Mega Rayquaza,"Support DPS, 1x",Dragon tail,Breaking Swipe,Kyurem Black,"Catch Tank, 4x",Dragon tail,Freeze Shock,,,,,,,,,,,,,VOD,https://www.reddit.com/r/TheSilphRoad/comments/1psk02l/zekrom_solo_ae_windy_dragon_breathoutrage/,Dragon Breath + Outrage/Wild Charge is tough
